page,title
https://joyofmuseums.com/museums/asia-museums/singapore-museums/asian-civilisations-museum-singapore/,Walking Buddha
https://joyofmuseums.com/museums/asia-museums/singapore-museums/buddha-tooth-relic-temple-and-museum/exhibits-of-the-buddha-tooth-relic-temple-and-museum/meditating-buddha-shakyamuni/,Meditating Buddha Shakyamuni
https://joyofmuseums.com/museums/asia-museums/thailand-museums/bangkok-museums/bangkok-national-museum/mucalinda-sheltering-buddha/,Mucalinda Sheltering Buddha
https://joyofmuseums.com/museums/asia-museums/thailand-museums/bangkok-museums/bangkok-national-museum/buddha-protected-mucalinda/,Buddha Protected by Mucalinda
https://joyofmuseums.com/museums/asia-museums/singapore-museums/buddha-tooth-relic-temple-and-museum/exhibits-of-the-buddha-tooth-relic-temple-and-museum/buddha-performing-twin-miracles-at-sravasti/,Buddha performing Twin Miracles at Sravasti
https://joyofmuseums.com/museums/australasia-museums/australian-museums/museums-in-brisbane-australia/queensland-art-gallery/masterpieces-and-historical-objects-in-the-queensland-art-gallery/buddha/,Buddha
https://joyofmuseums.com/museums/united-kingdom-museums/london-museums/british-museum/highlights-of-the-british-museum/seated-buddha-from-gandhara/,Seated Buddha from Gandhara
https://joyofmuseums.com/museums/united-states-of-america/san-francisco-museums/asian-art-museum-san-francisco/masterpieces-of-the-asian-art-museum-san-francisco/bodhisattva-avalokiteshvara-guanyin/,Bodhisattva Avalokiteshvara – Guanyin
https://joyofmuseums.com/museums/united-states-of-america/san-francisco-museums/asian-art-museum-san-francisco/masterpieces-of-the-asian-art-museum-san-francisco/seated-bodhisattva-avalokiteshvara-guanyin/,Seated Bodhisattva Avalokiteshvara – Guanyin
https://joyofmuseums.com/museums/united-kingdom-museums/london-museums/british-museum/highlights-of-the-british-museum/luohan-yixian-glazed-ceramic-sculpture/,Luohan – Yixian Glazed Ceramic Sculpture (British Museum)
https://joyofmuseums.com/museums/americas-museums/canadian-museums/toronto-museums/royal-ontario-museum/highlights-of-the-royal-ontario-museum/luohan-yixian-glazed-ceramic-sculpture-rom/,Luohan – Yixian Glazed Ceramic Sculpture (Royal Ontario Museum)
https://joyofmuseums.com/museums/united-states-of-america/new-york-museums/metropolitan-museum-of-art/highlights-of-the-met/luohan-yixian-glazed-ceramic-sculpture-met/,Luohan – Yixian Glazed Ceramic Sculpture (MET)
https://joyofmuseums.com/museums/united-kingdom-museums/london-museums/british-museum/highlights-of-the-british-museum/garuda-british-museum/,Garuda (British Museum)
https://joyofmuseums.com/museums/united-kingdom-museums/london-museums/british-museum/highlights-of-the-british-museum/avalokiteshvara-guanyin-british-museum/,Avalokiteshvara – Guanyin (British Museum)
https://joyofmuseums.com/museums/united-states-of-america/cleveland-museums/cleveland-museum-of-art/masterpieces-of-the-cleveland-museum-of-art/the-stargazer-statuette-of-a-woman/,The Stargazer (Statuette of a Woman)
https://joyofmuseums.com/museums/united-kingdom-museums/london-museums/british-museum/highlights-of-the-british-museum/parthenon-marbles/,The Parthenon Marbles
https://joyofmuseums.com/museums/europe/france-museums/paris-museums/the-louvre/highlights-of-the-louvre/venus-de-milo/,Venus de Milo
https://joyofmuseums.com/museums/europe/italy-museums/florence-museums/uffizi-gallery/masterpieces-of-uffizi-gallery/venus-de-medici/,Venus de’ Medici
https://joyofmuseums.com/museums/europe/italy-museums/rome-museums/vatican-museums/highlights-of-the-vatican-museums/laocoon-and-his-sons/,Laocoön and His Sons
https://joyofmuseums.com/museums/europe/italy-museums/florence-museums/accademys-gallery/masterpieces-gallery-academy-florence/david-by-michelangelo/,David” by Michelangelo
https://joyofmuseums.com/museums/europe/italy-museums/rome-museums/st-peters-basilica/masterpieces-st-peters-basilica/pieta-by-michelangelo/,Pieta by Michelangelo
https://joyofmuseums.com/museums/europe/france-museums/paris-museums/the-louvre/highlights-of-the-louvre/the-winged-victory-of-samothrace/,The Winged Victory of Samothrace
https://joyofmuseums.com/museums/europe/germany-museums/berlin-museums/neues-museum/masterpieces-of-the-neues-museum/nefertiti-bust/,Nefertiti Bust
https://joyofmuseums.com/museums/europe/greece-museums/athens-museums/the-acropolis-museum/masterpieces-of-the-acropolis-museum/caryatids-of-erechtheion/,Caryatids of Erechtheion
https://joyofmuseums.com/museums/asia-museums/singapore-museums/asian-civilisations-museum-singapore/historical-objects-at-the-asian-civilisations-museum/walking-buddha/,Walking Buddha
https://joyofmuseums.com/museums/europe/italy-museums/rome-museums/capitoline-museums/masterpieces-of-the-capitoline-museums/dying-gaul/,The Dying Gaul
https://joyofmuseums.com/museums/europe/france-museums/paris-museums/musee-rodin/kiss-auguste-rodin/,The Kiss
https://joyofmuseums.com/museums/united-states-of-america/san-francisco-museums/the-legion-of-honor/masterpieces-of-the-legion-of-honor/cycladic-figures/,Cycladic Figures
http://joyofmuseums.com/museums/united-states-of-america/philadelphia-museums/rodin-museum/masterpieces-of-the-rodin-museum/the-gates-of-hell/,The Gates of Hell
http://joyofmuseums.com/museums/united-states-of-america/philadelphia-museums/rodin-museum/masterpieces-of-the-rodin-museum/the-thinker-rodin-museum-philadelphia/,The Thinker
https://joyofmuseums.com/museums/asia-museums/japan-museums/tokyo-museums/national-museum-of-western-art-tokyo/masterpieces-at-the-national-museum-of-western-art-tokyo/the-burghers-of-calais-by-auguste-rodin/,The Burghers of Calais
https://joyofmuseums.com/museums/europe/germany-museums/berlin-museums/neues-museum/masterpieces-of-the-neues-museum/akhenaten-and-nefertiti-with-their-children/,Akhenaten and Nefertiti with their Children
https://joyofmuseums.com/museums/europe/france-museums/paris-museums/the-louvre/highlights-of-the-louvre/gudea-prince-of-lagash/,"Gudea, Prince of Lagash"
https://joyofmuseums.com/museums/united-kingdom-museums/london-museums/british-museum/highlights-of-the-british-museum/the-lion-hunt/,Lion Hunt of Ashurbanipal
https://joyofmuseums.com/museums/europe/greece-museums/delphi-museums/delphi-archaeological-museum/charioteer-of-delphi/,Charioteer of Delphi
https://joyofmuseums.com/museums/europe/greece-museums/athens-museums/national-archaeological-museum-athens/masterpieces-of-the-national-archaeological-museum/artemision-bronze/,Artemision Bronze
https://joyofmuseums.com/museums/europe/greece-museums/athens-museums/national-archaeological-museum-athens/masterpieces-of-the-national-archaeological-museum/antikythera-youth/,Antikythera Youth 
https://joyofmuseums.com/museums/europe/italy-museums/rome-museums/capitoline-museums/masterpieces-of-the-capitoline-museums/boy-with-thorn/,Boy with Thorn
https://joyofmuseums.com/museums/europe/greece-museums/athens-museums/national-archaeological-museum-athens/masterpieces-of-the-national-archaeological-museum/jockey-of-artemision/,Jockey of Artemision
https://joyofmuseums.com/museums/europe/italy-museums/rome-museums/capitoline-museums/masterpieces-of-the-capitoline-museums/the-colossus-of-constantine/,Colossus of Constantine
https://joyofmuseums.com/museums/russian-federation/saint-petersburg/hermitage-museum/psyche-revived-by-cupids-kiss-by-antonio-canova/,Psyche Revived by Cupid’s Kiss
https://joyofmuseums.com/museums/europe/italy-museums/rome-museums/st-peters-basilica/masterpieces-st-peters-basilica/saint-helena-andrea-bolgi/,Statue of Saint Helena
https://joyofmuseums.com/museums/europe/germany-museums/berlin-museums/altes-museum/statuette-of-a-horse-in-geometric-style/,Statuette of a Horse in Geometric Style
https://joyofmuseums.com/museums/europe/germany-museums/berlin-museums/the-pergamon-museum/lion-hunt-relief-from-nimrud/,Lion Hunt Relief from Nimrud
https://joyofmuseums.com/museums/europe/germany-museums/berlin-museums/the-pergamon-museum/highlights-of-the-pergamon-museum/the-pergamon-altar/,The Pergamon Altar
https://joyofmuseums.com/museums/europe/italy-museums/bologna-museums/sanctuary-of-santa-maria-della-vita/lamentation-over-the-dead-christ-by-niccolo-dellarca/,Lamentation over the Dead Christ
https://joyofmuseums.com/museums/africa-museums/egypt-museums/cairo-museums/egyptian-museum/historical-objects-of-the-egyptian-museum/tutankhamuns-mask/,Tutankhamun’s Mask
https://joyofmuseums.com/museums/united-kingdom-museums/london-museums/british-museum/highlights-of-the-british-museum/the-rosetta-stone/,The Rosetta Stone
https://joyofmuseums.com/museums/united-kingdom-museums/london-museums/british-museum/highlights-of-the-british-museum/quartzite-head-of-the-egyptian-pharaoh-amenhotep-iii/,Quartzite Head of the Egyptian Pharaoh Amenhotep III
https://joyofmuseums.com/museums/united-kingdom-museums/london-museums/british-museum/highlights-of-the-british-museum/colossal-granite-statue-of-amenhotep-iii/,Colossal Granite Statue of Amenhotep III
https://joyofmuseums.com/museums/united-states-of-america/new-york-museums/metropolitan-museum-of-art/highlights-of-the-met/the-sphinx-of-hatshepsut/,The Sphinx of Hatshepsut
https://joyofmuseums.com/museums/united-kingdom-museums/london-museums/british-museum/highlights-of-the-british-museum/younger-memnon-ramesses-ii/,Younger Memnon (Ramesses II)
https://joyofmuseums.com/museums/united-states-of-america/new-york-museums/metropolitan-museum-of-art/highlights-of-the-met/mycenaean-terracotta-female-figures/,Mycenaean Terracotta Female Figures
https://joyofmuseums.com/museums/europe/italy-museums/rome-museums/capitoline-museums/masterpieces-of-the-capitoline-museums/capitoline-wolf/,Capitoline Wolf
https://joyofmuseums.com/museums/europe/italy-museums/rome-museums/capitoline-museums/equestrian-statue-of-marcus-aurelius/,Equestrian Statue of Marcus Aurelius
https://joyofmuseums.com/museums/europe/italy-museums/rome-museums/national-roman-museum/boxer-at-rest/,Boxer at Rest
https://joyofmuseums.com/museums/europe/italy-museums/florence-museums/accademys-gallery/young-slave-by-michelangelo/,Young Slave” by Michelangelo
https://joyofmuseums.com/museums/europe/italy-museums/florence-museums/accademys-gallery/bearded-slave-by-michelangelo/,Bearded Slave” by Michelangelo
https://joyofmuseums.com/museums/united-states-of-america/chicago-museums/field-museum-of-natural-history/prehistoric-stone-hand-axe/,Prehistoric Stone Hand Axe
https://joyofmuseums.com/museums/united-states-of-america/chicago-museums/field-museum-of-natural-history/neolithic-chinese-painted-pottery/,Neolithic Painted Pottery
https://joyofmuseums.com/museums/africa-museums/egypt-museums/cairo-museums/egyptian-museum/narmer-palette/,Narmer Palette
https://joyofmuseums.com/museums/asia-museums/india-museums/national-museum-new-delhi/dancing-girl-mohenjo-daro/,Dancing Girl (Mohenjo-Daro)
https://joyofmuseums.com/museums/australasia-museums/australian-museums/museums-in-brisbane-australia/queensland-art-gallery/masterpieces-and-historical-objects-in-the-queensland-art-gallery/li-chinese-tripod-jar/,Li – Chinese Tripod Jar
https://joyofmuseums.com/museums/europe/germany-museums/berlin-museums/neues-museum/masterpieces-of-the-neues-museum/treasure-from-troy/,Treasure from Troy
https://joyofmuseums.com/museums/europe/france-museums/paris-museums/the-louvre/highlights-of-the-louvre/law-code-of-hammurabi/,Law Code of Hammurabi
https://joyofmuseums.com/museums/europe/greece-museums/athens-museums/national-archaeological-museum-athens/mask-of-agamemnon/,Mask of Agamemnon
https://joyofmuseums.com/museums/africa-museums/egypt-museums/cairo-museums/egyptian-museum/tutankhamuns-mask/,Tutankhamun’s Mask
https://joyofmuseums.com/museums/united-states-of-america/boston-museums/museum-of-fine-arts-boston/winged-protective-deity/,Relief of a Winged Genie
https://joyofmuseums.com/museums/middle-east-museums/turkey-museums/istanbul-museums/istanbul-archaeology-museums/siloam-inscription/,Siloam Inscription 
https://joyofmuseums.com/museums/europe/germany-museums/berlin-museums/the-pergamon-museum/highlights-of-the-pergamon-museum/ishtar-gate/,Ishtar Gate
https://joyofmuseums.com/museums/middle-east-museums/turkey-museums/istanbul-museums/istanbul-archaeology-museums/tabnit-sarcophagus/,The Curse of the Tabnit Sarcophagus
https://joyofmuseums.com/museums/europe/greece-museums/athens-museums/museum-of-the-ancient-agora/kleroterion/,Kleroterion
https://joyofmuseums.com/museums/middle-east-museums/turkey-museums/istanbul-museums/istanbul-archaeology-museums/alexander-sarcophagus/,The Alexander Sarcophagus
https://joyofmuseums.com/museums/europe/greece-museums/athens-museums/national-archaeological-museum-athens/antikythera-mechanism/,Antikythera Mechanism
https://joyofmuseums.com/museums/united-states-of-america/new-york-museums/metropolitan-museum-of-art/highlights-of-the-met/the-temple-of-dendur/,The Temple of Dendur
https://joyofmuseums.com/museums/africa-museums/egypt-museums/cairo-museums/egyptian-museum/merneptah-stele/,Merneptah Stele
https://joyofmuseums.com/museums/africa-museums/egypt-museums/cairo-museums/egyptian-museum/colossal-statues-of-akhenaten/,Colossal Statues of Akhenaten
https://joyofmuseums.com/museums/africa-museums/egypt-museums/cairo-museums/egyptian-museum/statue-of-amenhotep-iii-and-tiye/,Statue of Amenhotep III and Tiye
https://joyofmuseums.com/museums/africa-museums/egypt-museums/cairo-museums/egyptian-museum/stela-of-akhenaten-and-his-family/,Stela of Akhenaten and his Family
https://joyofmuseums.com/museums/africa-museums/egypt-museums/cairo-museums/egyptian-museum/,The Egyptian Museum or The Museum of Egyptian Antiquities
https://joyofmuseums.com/museums/africa-museums/egypt-museums/cairo-museums/,Cairo
https://joyofmuseums.com/museums/africa-museums/egypt-museums/,Egypt
https://joyofmuseums.com/museums/africa-museums/egypt-museums/cairo-museums/egyptian-museum/historical-objects-of-the-egyptian-museum/narmer-palette/,Narmer Palette
https://joyofmuseums.com/museums/europe/germany-museums/berlin-museums/neues-museum/masterpieces-of-the-neues-museum/standing-figure-of-nefertiti/,Standing Figure of Nefertiti
https://joyofmuseums.com/museums/europe/germany-museums/berlin-museums/neues-museum/masterpieces-of-the-neues-museum/relief-portrait-of-akhenaten/,Relief Portrait of Akhenaten
https://joyofmuseums.com/museums/europe/germany-museums/berlin-museums/neues-museum/masterpieces-of-the-neues-museum/priams-treasure-necklace/,Priam’s Treasure Necklace
https://joyofmuseums.com/museums/europe/germany-museums/berlin-museums/neues-museum/masterpieces-of-the-neues-museum/,Masterpieces of the Neues Museum
https://joyofmuseums.com/museums/africa-museums/egypt-museums/cairo-museums/egyptian-museum/historical-objects-of-the-egyptian-museum/merneptah-stele/,Merneptah Stele
https://joyofmuseums.com/museums/united-kingdom-museums/london-museums/british-museum/highlights-of-the-british-museum/the-battlefield-palette-3100-bc/,The Battlefield Palette 3100 BC
https://joyofmuseums.com/museums/united-kingdom-museums/london-museums/british-museum/highlights-of-the-british-museum/hunters-palette/,Hunters Palette
https://joyofmuseums.com/museums/united-kingdom-museums/london-museums/british-museum/highlights-of-the-british-museum/tomb-of-nebamun/,Tomb of Nebamun
https://joyofmuseums.com/museums/russian-federation/moscow-museums/pushkin-museum/,Pushkin Museum
https://joyofmuseums.com/museums/europe/germany-museums/berlin-museums/neues-museum/,Neues Museum
https://joyofmuseums.com/museums/middle-east-museums/turkey-museums/istanbul-museums/,Istanbul Archaeology Museum
http://joyofmuseums.com/museums/the-pergamon-museum/,The Pergamon Museum
https://joyofmuseums.com/museums/europe/germany-museums/berlin-museums/altes-museum/,Altes Museum
https://joyofmuseums.com/museums/europe/germany-museums/berlin-museums/national-gallery-berlin/,Alte Nationalgalerie – National Gallery (Berlin)
https://joyofmuseums.com/museums/united-states-of-america/new-york-museums/metropolitan-museum-of-art/highlights-of-the-met/william-the-faience-hippopotamus/,William the Faience Hippopotamus
http://joyofmuseums.com/museums/united-states-of-america/philadelphia-museums/penn-museum/historical-objects-of-the-penn-museum/shawabti-of-king-senkamanisken/,Shawabti of King Senkamanisken
https://joyofmuseums.com/museums/europe/italy-museums/bologna-museums/the-archaeological-civic-museum-mca-of-bologna/pillar-of-ramsesemperre-royal-cupbearer-and-fanbearer/,"Pillar of Ramsesemperre, Royal Cupbearer and Fanbearer"
https://joyofmuseums.com/museums/europe/italy-museums/bologna-museums/the-archaeological-civic-museum-mca-of-bologna/relief-of-hormin-with-a-weighing-of-the-heart/,Relief of Hormin with a Weighing of the Heart
https://joyofmuseums.com/museums/europe/italy-museums/bologna-museums/the-archaeological-civic-museum-mca-of-bologna/relief-of-horemheb-with-nubian-prisoners/,Relief of Horemheb with Nubian Prisoners
https://joyofmuseums.com/museums/europe/france-museums/paris-museums/the-louvre/akhenaten-and-nefertiti/,Akhenaten and Nefertiti
https://joyofmuseums.com/museums/europe/france-museums/paris-museums/the-louvre/seated-scribe/,Seated Scribe
https://joyofmuseums.com/museums/europe/germany-museums/munich-museums/staatliche-sammlung-fur-agyptische-kunst/sarcophagus-lid-of-queen-sitdjehuti/,Sarcophagus Lid of Queen Sitdjehuti
https://joyofmuseums.com/museums/europe/germany-museums/berlin-museums/bode-museum/,Bode Museum
https://joyofmuseums.com/museums/europe/germany-museums/berlin-museums/gemaldegalerie-berlin/,"Gemäldegalerie, Berlin"
https://joyofmuseums.com/museums/europe/germany-museums/berlin-museums/spy-museum-berlin/,Spy Museum Berlin
https://joyofmuseums.com/museums/europe/germany-museums/berlin-museums/jewish-museum-berlin/,"Jewish Museum, Berlin"
https://joyofmuseums.com/museums/europe/germany-museums/berlin-museums/deutsches-historisches-museum/,Deutsches Historisches Museum – German Historical Museum
https://joyofmuseums.com/museums/europe/germany-museums/berlin-museums/ddr-museum/,DDR Museum
https://joyofmuseums.com/museums/united-kingdom-museums/london-museums/british-museum/,The British Museum
https://joyofmuseums.com/museums/united-states-of-america/new-york-museums/metropolitan-museum-of-art/,"Metropolitan Museum of Art – MET, New York, USA"
https://joyofmuseums.com/museums/united-states-of-america/philadelphia-museums/penn-museum/,Penn Museum
https://joyofmuseums.com/museums/europe/italy-museums/bologna-museums/the-archaeological-civic-museum-mca-of-bologna/,The Archaeological Civic Museum of Bologna
https://joyofmuseums.com/museums/europe/germany-museums/munich-museums/staatliche-sammlung-fur-agyptische-kunst/,Staatliche Sammlung für Ägyptische Kunst
https://joyofmuseums.com/museums/europe/germany-museums/berlin-museums/the-pergamon-museum/highlights-of-the-pergamon-museum/the-market-gate-of-miletus/,The Market Gate of Miletus
https://joyofmuseums.com/museums/europe/germany-museums/berlin-museums/the-pergamon-museum/tile-building-ceramic-iran-13th-14th-century/,Tile – Building Ceramic – Iran 13th – 14th Century
https://joyofmuseums.com/museums/europe/germany-museums/berlin-museums/the-pergamon-museum/lion-hunting-scene-750-bc/,Lion Hunting Scene – 750 BC
https://joyofmuseums.com/museums/europe/germany-museums/berlin-museums/the-pergamon-museum/islamic-astrolabe/,Islamic Astrolabe
https://joyofmuseums.com/museums/europe/germany-museums/berlin-museums/the-pergamon-museum/islamic-prayer-niche/,Islamic Prayer Niche
https://joyofmuseums.com/museums/europe/germany-museums/berlin-museums/the-pergamon-museum/victory-stele-of-esarhaddon/,Victory Stele of Esarhaddon
https://joyofmuseums.com/museums/europe/germany-museums/berlin-museums/the-pergamon-museum/desert-place-of-mshatta-facade/,The Desert Place of Mshatta Facade
https://joyofmuseums.com/museums/europe/germany-museums/berlin-museums/the-pergamon-museum/temple-of-ashur-water-basin/,Temple of Ashur Water Basin
https://joyofmuseums.com/museums/europe/germany-museums/berlin-museums/the-pergamon-museum/orpheus-mosaic-from-miletus/,Orpheus Mosaic from Miletus
https://joyofmuseums.com/museums/middle-east-museums/turkey-museums/,Turkey Museums
https://joyofmuseums.com/museums/middle-east-museums/turkey-museums/istanbul-museums/istanbul-archaeology-museums/,İstanbul Archaeology Museums
https://joyofmuseums.com/museums/middle-east-museums/turkey-museums/istanbul-museums/topkapi-palace/,Topkapı Palace
https://joyofmuseums.com/museums/middle-east-museums/iran-museums/,Iran Museums
https://joyofmuseums.com/museums/middle-east-museums/iran-museums/tehran-museums/,Tehran Museums
https://joyofmuseums.com/museums/middle-east-museums/iran-museums/tehran-museums/reza-abbasi-museum/,Reza Abbasi Museum
https://joyofmuseums.com/museums/middle-east-museums/united-arab-emirates-museums/,United Arab Emirates Museums
https://joyofmuseums.com/museums/europe/germany-museums/berlin-museums/altes-museum/torso-of-a-hoplite-warrior/,Torso of a Hoplite Warrior
https://joyofmuseums.com/museums/europe/germany-museums/berlin-museums/the-pergamon-museum/ottoman-small-pattern-holbein-knotted-carpet-16th-century/,Ottoman Small Pattern Holbein Knotted Carpet – 16th Century
https://joyofmuseums.com/museums/europe/germany-museums/berlin-museums/the-pergamon-museum/highlights-of-the-pergamon-museum/,Masterpieces of The Pergamon Museum
https://joyofmuseums.com/museums/europe/germany-museums/berlin-museums/the-pergamon-museum/,Pergamon Museum
https://joyofmuseums.com/museums/europe/germany-museums/berlin-museums/,Berlin
https://joyofmuseums.com/museums/europe/germany-museums/,Germany
https://joyofmuseums.com/museums/middle-east-museums/united-arab-emirates-museums/dubai-museums/,Dubai Museums
https://joyofmuseums.com/museums/middle-east-museums/united-arab-emirates-museums/dubai-museums/dubai-museum/,Dubai Museum
https://joyofmuseums.com/museums/middle-east-museums/united-arab-emirates-museums/dubai-museums/saeed-al-maktoum-house/,Saeed Al Maktoum House
https://joyofmuseums.com/museums/middle-east-museums/united-arab-emirates-museums/sharjah-museums/,Sharjah Museums
https://joyofmuseums.com/museums/middle-east-museums/united-arab-emirates-museums/sharjah-museums/sharjah-museum-of-islamic-civilization/,Sharjah Museum of Islamic Civilization
https://joyofmuseums.com/museums/europe/germany-museums/berlin-museums/altes-museum/amphora-depiction-of-a-funerary-procession/,Amphora – Depiction of a Funerary Procession
https://joyofmuseums.com/museums/europe/germany-museums/berlin-museums/altes-museum/statue-of-deified-empress-livia/,Statue of Deified Empress Livia
https://joyofmuseums.com/museums/europe/germany-museums/berlin-museums/altes-museum/votive-relief-dedicated-to-vesta/,Votive Relief dedicated to Vesta
https://joyofmuseums.com/museums/europe/germany-museums/berlin-museums/altes-museum/head-of-athena-in-the-velletri-type/,Head of Athena in the Velletri Type
https://joyofmuseums.com/museums/europe/germany-museums/berlin-museums/altes-museum/funerary-lion/,Funerary Lion
https://joyofmuseums.com/museums/europe/germany-museums/berlin-museums/german-resistance-memorial-center/,German Resistance Memorial Center
https://joyofmuseums.com/museums/europe/germany-museums/munich-museums/alte-pinakothek/,Alte Pinakothek
https://joyofmuseums.com/museums/europe/germany-museums/munich-museums/neue-pinakothek/,Neue Pinakothek
https://joyofmuseums.com/museums/europe/germany-museums/munich-museums/pinakothek-der-moderne/,Pinakothek der Moderne
https://joyofmuseums.com/museums/europe/germany-museums/munich-museums/lenbachhaus/,Lenbachhaus
https://joyofmuseums.com/museums/europe/germany-museums/munich-museums/museum-brandhorst/,Museum Brandhorst
https://joyofmuseums.com/museums/europe/germany-museums/munich-museums/glyptothek/,Glyptothek
https://joyofmuseums.com/museums/europe/germany-museums/munich-museums/staatliche-antikensammlungen/,Staatliche Antikensammlungen
https://joyofmuseums.com/museums/europe/germany-museums/munich-museums/kunsthalle-munchen/,Kunsthalle Munich
https://joyofmuseums.com/museums/europe/germany-museums/munich-museums/30695-2/,Deutsches Museum – German Museum of Masterpieces of Science and Technology
https://joyofmuseums.com/museums/europe/germany-museums/hamburg-museums/kunsthalle-hamburg/,Kunsthalle Hamburg
https://joyofmuseums.com/museums/europe/germany-museums/hamburg-museums/internationales-maritimes-museum-hamburg/,Internationales Maritimes Museum Hamburg
https://joyofmuseums.com/museums/europe/germany-museums/hamburg-museums/miniatur-wunderland/,Miniatur Wunderland
https://joyofmuseums.com/museums/europe/germany-museums/frankfurt-museums/stadel-museum/,Städel Museum
https://joyofmuseums.com/museums/europe/germany-museums/dresden-museums/gemaldegalerie-alte-meister/,Gemäldegalerie Alte Meister
https://joyofmuseums.com/museums/europe/germany-museums/nuremberg-museums/germanisches-nationalmuseum/,Germanisches Nationalmuseum
https://joyofmuseums.com/museums/europe/germany-museums/cologne-museums/wallraf-richartz-museum/,Wallraf–Richartz Museum
https://joyofmuseums.com/museums/europe/germany-museums/karlsruhe-museums/staatliche-kunsthalle-karlsruhe/,Staatliche Kunsthalle Karlsruhe
https://joyofmuseums.com/museums/europe/germany-museums/hanover-museums/sprengel-museum/,Sprengel Museum
https://joyofmuseums.com/museums/europe/germany-museums/hanover-museums/lower-saxony-state-museum/,Lower Saxony State Museum
https://joyofmuseums.com/museums/europe/germany-museums/hanover-museums/museum-august-kestner/,Museum August Kestner
https://joyofmuseums.com/museums/europe/germany-museums/hanover-museums/aviation-museum-hannover-laatzen/,Aviation Museum Hannover-Laatzen
